-- phpMyAdmin SQL Dump
-- version 4.9.2
-- https://www.phpmyadmin.net/
--
-- Host: 127.0.0.1:3306
-- Generation Time: Feb 11, 2020 at 12:20 AM
-- Server version: 10.4.10-MariaDB
-- PHP Version: 7.3.12

SET SQL_MODE = "NO_AUTO_VALUE_ON_ZERO";
SET AUTOCOMMIT = 0;
START TRANSACTION;
SET time_zone = "+00:00";


/*!40101 SET @OLD_CHARACTER_SET_CLIENT=@@CHARACTER_SET_CLIENT */;
/*!40101 SET @OLD_CHARACTER_SET_RESULTS=@@CHARACTER_SET_RESULTS */;
/*!40101 SET @OLD_COLLATION_CONNECTION=@@COLLATION_CONNECTION */;
/*!40101 SET NAMES utf8mb4 */;

--
-- Database: `mydb`
--

-- --------------------------------------------------------

--
-- Table structure for table `activity_type`
--

DROP TABLE IF EXISTS `activity_type`;
CREATE TABLE IF NOT EXISTS `activity_type` (
  `type_id` int(11) NOT NULL AUTO_INCREMENT,
  `type` enum('STILL','ON_FOOT','RUNNING','ON_BICYCLE','IN_VEHICLE','TILTING','UNKNOWN','WALKING','EXITING_VEHICLE') NOT NULL,
  `confidence` int(11) NOT NULL,
  `activities_id` int(11) NOT NULL,
  PRIMARY KEY (`type_id`),
  KEY `activities_id` (`activities_id`)
) ENGINE=InnoDB AUTO_INCREMENT=429 DEFAULT CHARSET=utf8;

--
-- Dumping data for table `activity_type`
--

INSERT INTO `activity_type` (`type_id`, `type`, `confidence`, `activities_id`) VALUES
(75, 'STILL', 100, 53),
(76, 'STILL', 100, 54),
(77, 'STILL', 100, 55),
(78, 'STILL', 100, 56),
(79, 'STILL', 100, 57),
(80, 'STILL', 100, 58),
(81, 'STILL', 100, 59),
(82, 'STILL', 100, 60),
(83, 'STILL', 100, 61),
(84, 'STILL', 100, 62),
(85, 'STILL', 100, 63),
(86, 'STILL', 100, 64),
(87, 'STILL', 100, 65),
(88, 'STILL', 100, 66),
(89, 'STILL', 100, 67),
(90, 'STILL', 100, 68),
(91, 'STILL', 100, 69),
(92, 'STILL', 100, 70),
(93, 'STILL', 100, 71),
(94, 'STILL', 100, 72),
(95, 'STILL', 100, 73),
(96, 'STILL', 100, 74),
(97, 'STILL', 100, 75),
(98, 'STILL', 100, 76),
(99, 'STILL', 100, 77),
(100, 'STILL', 100, 78),
(101, 'STILL', 100, 79),
(102, 'STILL', 100, 80),
(103, 'STILL', 100, 81),
(104, 'STILL', 100, 82),
(105, 'STILL', 100, 83),
(106, 'STILL', 100, 84),
(107, 'STILL', 100, 85),
(108, 'STILL', 100, 86),
(109, 'STILL', 100, 87),
(110, 'STILL', 100, 88),
(111, 'STILL', 100, 89),
(112, 'STILL', 100, 90),
(113, 'STILL', 100, 91),
(114, 'STILL', 100, 92),
(115, 'STILL', 100, 93),
(116, 'STILL', 100, 94),
(117, 'STILL', 100, 95),
(118, 'STILL', 100, 96),
(119, 'STILL', 100, 97),
(120, 'STILL', 100, 98),
(121, 'STILL', 100, 99),
(122, 'STILL', 100, 100),
(123, 'STILL', 100, 101),
(124, 'STILL', 100, 102),
(125, 'STILL', 100, 103),
(126, 'STILL', 100, 104),
(127, 'STILL', 100, 105),
(128, 'STILL', 100, 106),
(129, 'STILL', 100, 107),
(130, 'STILL', 100, 108),
(131, 'UNKNOWN', 46, 109),
(132, 'STILL', 29, 109),
(133, 'IN_VEHICLE', 10, 109),
(134, 'ON_BICYCLE', 8, 109),
(135, 'ON_FOOT', 8, 109),
(136, 'WALKING', 8, 109),
(137, 'ON_FOOT', 92, 110),
(138, 'WALKING', 92, 110),
(139, 'UNKNOWN', 8, 110),
(140, 'ON_FOOT', 69, 111),
(141, 'WALKING', 69, 111),
(142, 'STILL', 15, 111),
(143, 'UNKNOWN', 15, 111),
(144, 'TILTING', 100, 112),
(145, 'UNKNOWN', 39, 113),
(146, 'STILL', 33, 113),
(147, 'IN_VEHICLE', 23, 113),
(148, 'ON_FOOT', 6, 113),
(149, 'WALKING', 6, 113),
(150, 'STILL', 100, 114),
(151, 'STILL', 100, 115),
(152, 'STILL', 92, 116),
(153, 'IN_VEHICLE', 8, 116),
(154, 'STILL', 62, 117),
(155, 'IN_VEHICLE', 38, 117),
(156, 'STILL', 100, 118),
(157, 'STILL', 100, 119),
(158, 'STILL', 100, 120),
(159, 'STILL', 100, 121),
(160, 'STILL', 100, 122),
(161, 'STILL', 100, 123),
(162, 'STILL', 100, 124),
(163, 'STILL', 100, 125),
(164, 'STILL', 100, 126),
(165, 'STILL', 100, 127),
(166, 'STILL', 100, 128),
(167, 'STILL', 100, 129),
(168, 'STILL', 100, 130),
(169, 'STILL', 100, 131),
(170, 'STILL', 100, 132),
(171, 'STILL', 100, 133),
(172, 'STILL', 100, 134),
(173, 'STILL', 100, 135),
(174, 'STILL', 100, 136),
(175, 'STILL', 85, 137),
(176, 'IN_VEHICLE', 13, 137),
(177, 'ON_FOOT', 3, 137),
(178, 'WALKING', 3, 137),
(179, 'STILL', 100, 138),
(180, 'STILL', 100, 139),
(181, 'STILL', 100, 140),
(182, 'STILL', 100, 141),
(183, 'STILL', 100, 142),
(184, 'STILL', 100, 143),
(185, 'STILL', 100, 144),
(186, 'STILL', 100, 145),
(187, 'STILL', 100, 146),
(188, 'STILL', 100, 147),
(189, 'STILL', 100, 148),
(190, 'STILL', 100, 149),
(191, 'STILL', 100, 150),
(192, 'IN_VEHICLE', 100, 151),
(193, 'STILL', 100, 152),
(194, 'STILL', 100, 153),
(195, 'STILL', 100, 154),
(196, 'STILL', 100, 155),
(197, 'STILL', 100, 156),
(198, 'STILL', 100, 157),
(199, 'STILL', 100, 158),
(200, 'STILL', 100, 159),
(201, 'STILL', 100, 160),
(202, 'STILL', 100, 161),
(203, 'STILL', 100, 162),
(204, 'STILL', 100, 163),
(205, 'STILL', 100, 164),
(206, 'STILL', 100, 165),
(207, 'STILL', 100, 166),
(208, 'STILL', 100, 167),
(209, 'STILL', 100, 168),
(210, 'STILL', 100, 169),
(211, 'STILL', 100, 170),
(212, 'STILL', 100, 171),
(213, 'STILL', 100, 172),
(214, 'STILL', 100, 173),
(215, 'STILL', 100, 174),
(216, 'STILL', 100, 175),
(217, 'STILL', 100, 176),
(218, 'STILL', 100, 177),
(219, 'STILL', 100, 178),
(220, 'STILL', 100, 179),
(221, 'STILL', 100, 180),
(222, 'STILL', 100, 181),
(223, 'STILL', 100, 182),
(224, 'STILL', 100, 183),
(225, 'STILL', 100, 184),
(226, 'STILL', 100, 185),
(227, 'STILL', 100, 186),
(228, 'STILL', 100, 187),
(229, 'STILL', 100, 188),
(230, 'STILL', 100, 189),
(231, 'STILL', 100, 190),
(232, 'STILL', 100, 191),
(233, 'STILL', 100, 192),
(234, 'STILL', 100, 193),
(235, 'STILL', 100, 194),
(236, 'STILL', 100, 195),
(237, 'STILL', 100, 196),
(238, 'STILL', 100, 197),
(239, 'STILL', 100, 198),
(240, 'STILL', 100, 199),
(241, 'STILL', 100, 200),
(242, 'STILL', 100, 201),
(243, 'STILL', 100, 202),
(244, 'STILL', 100, 203),
(245, 'STILL', 100, 204),
(246, 'STILL', 100, 205),
(247, 'STILL', 100, 206),
(248, 'STILL', 100, 207),
(249, 'STILL', 100, 208),
(250, 'STILL', 100, 209),
(251, 'STILL', 100, 210),
(252, 'STILL', 100, 211),
(253, 'UNKNOWN', 46, 212),
(254, 'STILL', 29, 212),
(255, 'IN_VEHICLE', 10, 212),
(256, 'ON_BICYCLE', 8, 212),
(257, 'ON_FOOT', 8, 212),
(258, 'WALKING', 8, 212),
(259, 'ON_FOOT', 92, 213),
(260, 'WALKING', 92, 213),
(261, 'UNKNOWN', 8, 213),
(262, 'ON_FOOT', 69, 214),
(263, 'WALKING', 69, 214),
(264, 'STILL', 15, 214),
(265, 'UNKNOWN', 15, 214),
(266, 'TILTING', 100, 215),
(267, 'UNKNOWN', 39, 216),
(268, 'STILL', 33, 216),
(269, 'IN_VEHICLE', 23, 216),
(270, 'ON_FOOT', 6, 216),
(271, 'WALKING', 6, 216),
(272, 'STILL', 100, 217),
(273, 'STILL', 100, 218),
(274, 'STILL', 92, 219),
(275, 'IN_VEHICLE', 8, 219),
(276, 'STILL', 62, 220),
(277, 'IN_VEHICLE', 38, 220),
(278, 'STILL', 100, 221),
(279, 'STILL', 100, 222),
(280, 'STILL', 100, 223),
(281, 'STILL', 100, 224),
(282, 'STILL', 100, 225),
(283, 'STILL', 100, 226),
(284, 'STILL', 100, 227),
(285, 'STILL', 100, 228),
(286, 'STILL', 100, 229),
(287, 'STILL', 100, 230),
(288, 'STILL', 100, 231),
(289, 'STILL', 100, 232),
(290, 'STILL', 100, 233),
(291, 'STILL', 100, 234),
(292, 'STILL', 100, 235),
(293, 'STILL', 100, 236),
(294, 'STILL', 100, 237),
(295, 'STILL', 100, 238),
(296, 'STILL', 100, 239),
(297, 'STILL', 85, 240),
(298, 'IN_VEHICLE', 13, 240),
(299, 'ON_FOOT', 3, 240),
(300, 'WALKING', 3, 240),
(301, 'STILL', 100, 241),
(302, 'STILL', 100, 242),
(303, 'STILL', 100, 243),
(304, 'STILL', 100, 244),
(305, 'STILL', 100, 245),
(306, 'STILL', 100, 246),
(307, 'STILL', 100, 247),
(308, 'STILL', 100, 248),
(309, 'STILL', 100, 249),
(310, 'STILL', 100, 250),
(311, 'STILL', 100, 251),
(312, 'STILL', 100, 252),
(313, 'STILL', 100, 253),
(314, 'IN_VEHICLE', 100, 254),
(315, 'STILL', 100, 255),
(316, 'STILL', 100, 256),
(317, 'STILL', 100, 257),
(318, 'STILL', 100, 258),
(319, 'STILL', 100, 259),
(320, 'STILL', 100, 260),
(321, 'STILL', 100, 261),
(322, 'STILL', 100, 262),
(323, 'STILL', 100, 263),
(324, 'STILL', 100, 264),
(325, 'STILL', 100, 265),
(326, 'STILL', 100, 266),
(327, 'STILL', 100, 267),
(328, 'STILL', 100, 268),
(329, 'STILL', 100, 269),
(330, 'STILL', 100, 270),
(331, 'STILL', 100, 271),
(332, 'STILL', 100, 272),
(333, 'STILL', 100, 273),
(334, 'STILL', 100, 274),
(335, 'STILL', 100, 275),
(336, 'STILL', 100, 276),
(337, 'STILL', 100, 277),
(338, 'STILL', 100, 278),
(339, 'STILL', 100, 279),
(340, 'STILL', 100, 280),
(341, 'STILL', 100, 281),
(342, 'STILL', 100, 282),
(343, 'STILL', 100, 283),
(344, 'STILL', 100, 284),
(345, 'STILL', 100, 285),
(346, 'STILL', 100, 286),
(347, 'STILL', 100, 287),
(348, 'STILL', 100, 288),
(349, 'STILL', 100, 289),
(350, 'STILL', 100, 290),
(351, 'STILL', 100, 291),
(352, 'STILL', 100, 292),
(353, 'STILL', 100, 293),
(354, 'STILL', 100, 294),
(355, 'STILL', 100, 295),
(356, 'STILL', 100, 296),
(357, 'STILL', 100, 297),
(358, 'STILL', 100, 298),
(359, 'STILL', 100, 299),
(360, 'STILL', 100, 300),
(361, 'STILL', 100, 301),
(362, 'STILL', 100, 302),
(363, 'STILL', 100, 303),
(364, 'STILL', 100, 304),
(365, 'STILL', 100, 305),
(366, 'STILL', 100, 306),
(367, 'STILL', 100, 307),
(368, 'STILL', 100, 308),
(369, 'STILL', 100, 309),
(370, 'STILL', 100, 310),
(371, 'STILL', 100, 311),
(372, 'STILL', 100, 312),
(373, 'STILL', 100, 313),
(374, 'STILL', 100, 314),
(375, 'UNKNOWN', 46, 315),
(376, 'STILL', 29, 315),
(377, 'IN_VEHICLE', 10, 315),
(378, 'ON_BICYCLE', 8, 315),
(379, 'ON_FOOT', 8, 315),
(380, 'WALKING', 8, 315),
(381, 'ON_FOOT', 92, 316),
(382, 'WALKING', 92, 316),
(383, 'UNKNOWN', 8, 316),
(384, 'ON_FOOT', 69, 317),
(385, 'WALKING', 69, 317),
(386, 'STILL', 15, 317),
(387, 'UNKNOWN', 15, 317),
(388, 'TILTING', 100, 318),
(389, 'UNKNOWN', 39, 319),
(390, 'STILL', 33, 319),
(391, 'IN_VEHICLE', 23, 319),
(392, 'ON_FOOT', 6, 319),
(393, 'WALKING', 6, 319),
(394, 'STILL', 100, 320),
(395, 'STILL', 100, 321),
(396, 'STILL', 92, 322),
(397, 'IN_VEHICLE', 8, 322),
(398, 'STILL', 62, 323),
(399, 'IN_VEHICLE', 38, 323),
(400, 'STILL', 100, 324),
(401, 'STILL', 100, 325),
(402, 'STILL', 100, 326),
(403, 'STILL', 100, 327),
(404, 'STILL', 100, 328),
(405, 'STILL', 100, 329),
(406, 'STILL', 100, 330),
(407, 'STILL', 100, 331),
(408, 'STILL', 100, 332),
(409, 'STILL', 100, 333),
(410, 'STILL', 100, 334),
(411, 'STILL', 100, 335),
(412, 'STILL', 100, 336),
(413, 'STILL', 100, 337),
(414, 'STILL', 100, 338),
(415, 'STILL', 100, 339),
(416, 'STILL', 100, 340),
(417, 'STILL', 100, 341),
(418, 'STILL', 100, 342),
(419, 'STILL', 85, 343),
(420, 'IN_VEHICLE', 13, 343),
(421, 'ON_FOOT', 3, 343),
(422, 'WALKING', 3, 343),
(423, 'STILL', 100, 344),
(424, 'STILL', 100, 345),
(425, 'STILL', 100, 346),
(426, 'STILL', 100, 347),
(427, 'STILL', 100, 348),
(428, 'STILL', 100, 349);

-- --------------------------------------------------------

--
-- Table structure for table `admins`
--

DROP TABLE IF EXISTS `admins`;
CREATE TABLE IF NOT EXISTS `admins` (
  `admin_id` int(11) NOT NULL AUTO_INCREMENT,
  `username` varchar(255) NOT NULL,
  `password` varchar(255) NOT NULL,
  PRIMARY KEY (`admin_id`)
) ENGINE=InnoDB AUTO_INCREMENT=2 DEFAULT CHARSET=utf8;

--
-- Dumping data for table `admins`
--

INSERT INTO `admins` (`admin_id`, `username`, `password`) VALUES
(1, 'karma', 'Hello1!');

-- --------------------------------------------------------

--
-- Table structure for table `locations`
--

DROP TABLE IF EXISTS `locations`;
CREATE TABLE IF NOT EXISTS `locations` (
  `location_id` int(11) NOT NULL AUTO_INCREMENT,
  `loc_timestamp` timestamp NOT NULL DEFAULT current_timestamp(),
  `latE7` decimal(10,8) NOT NULL,
  `longE7` decimal(11,8) NOT NULL,
  `accuracy` int(11) NOT NULL,
  `velocity` int(11) DEFAULT NULL,
  `altitude` int(11) DEFAULT NULL,
  `heading` int(11) DEFAULT NULL,
  `userid` int(11) NOT NULL,
  PRIMARY KEY (`location_id`),
  KEY `user_id` (`userid`)
) ENGINE=InnoDB AUTO_INCREMENT=581 DEFAULT CHARSET=utf8;

--
-- Dumping data for table `locations`
--

INSERT INTO `locations` (`location_id`, `loc_timestamp`, `latE7`, `longE7`, `accuracy`, `velocity`, `altitude`, `heading`, `userid`) VALUES
(66, '2013-06-01 05:32:00', '38.22839900', '21.74591740', 34, NULL, NULL, NULL, 5),
(67, '2013-06-01 05:42:00', '38.22841160', '21.74580180', 34, NULL, NULL, NULL, 5),
(68, '2013-06-01 05:59:01', '38.22841160', '21.74580180', 34, NULL, NULL, NULL, 5),
(69, '2013-06-01 06:08:07', '38.22841160', '21.74580180', 34, NULL, NULL, NULL, 5),
(70, '2013-06-01 06:09:07', '38.22841160', '21.74580180', 34, NULL, NULL, NULL, 5),
(71, '2013-06-01 06:21:02', '38.22841160', '21.74580180', 34, NULL, NULL, NULL, 5),
(72, '2013-06-01 06:24:02', '38.22841160', '21.74580180', 34, NULL, NULL, NULL, 5),
(73, '2013-06-01 06:27:02', '38.22841160', '21.74580180', 34, NULL, NULL, NULL, 5),
(74, '2013-06-01 06:31:02', '38.22841160', '21.74580180', 34, NULL, NULL, NULL, 5),
(75, '2013-06-01 06:35:03', '38.22841160', '21.74580180', 34, NULL, NULL, NULL, 5),
(76, '2013-06-01 06:48:09', '38.22841160', '21.74580180', 34, NULL, NULL, NULL, 5),
(77, '2013-06-01 06:49:09', '38.22841160', '21.74580180', 34, NULL, NULL, NULL, 5),
(78, '2013-06-01 06:54:09', '38.22841160', '21.74580180', 34, NULL, NULL, NULL, 5),
(79, '2013-06-01 06:55:09', '38.22841160', '21.74580180', 34, NULL, NULL, NULL, 5),
(80, '2013-06-01 06:57:10', '38.22841160', '21.74580180', 34, NULL, NULL, NULL, 5),
(81, '2013-06-01 07:09:05', '38.22841160', '21.74580180', 34, NULL, NULL, NULL, 5),
(82, '2013-06-01 07:10:05', '38.22841160', '21.74580180', 34, NULL, NULL, NULL, 5),
(83, '2013-06-01 07:27:05', '38.22841160', '21.74580180', 34, NULL, NULL, NULL, 5),
(84, '2013-06-01 07:38:12', '38.22841160', '21.74580180', 34, NULL, NULL, NULL, 5),
(85, '2013-06-01 07:41:12', '38.22841160', '21.74580180', 34, NULL, NULL, NULL, 5),
(86, '2013-06-01 07:44:06', '38.22841160', '21.74580180', 34, NULL, NULL, NULL, 5),
(87, '2013-06-01 07:55:07', '38.22841160', '21.74580180', 34, NULL, NULL, NULL, 5),
(88, '2013-06-01 08:03:07', '38.22841160', '21.74580180', 34, NULL, NULL, NULL, 5),
(89, '2013-06-01 08:27:14', '38.22841160', '21.74580180', 34, NULL, NULL, NULL, 5),
(90, '2013-06-01 08:29:59', '38.22841160', '21.74580180', 34, NULL, NULL, NULL, 5),
(91, '2013-06-01 08:30:59', '38.22841160', '21.74580180', 34, NULL, NULL, NULL, 5),
(92, '2013-06-01 08:38:00', '38.22841160', '21.74580180', 34, NULL, NULL, NULL, 5),
(93, '2013-06-01 08:39:00', '38.22841160', '21.74580180', 34, NULL, NULL, NULL, 5),
(94, '2013-06-01 08:40:00', '38.22841160', '21.74580180', 34, NULL, NULL, NULL, 5),
(95, '2013-06-01 08:41:00', '38.22841160', '21.74580180', 34, NULL, NULL, NULL, 5),
(96, '2013-06-01 08:43:00', '38.22841160', '21.74580180', 34, NULL, NULL, NULL, 5),
(97, '2013-06-01 08:50:00', '38.22841160', '21.74580180', 34, NULL, NULL, NULL, 5),
(98, '2013-06-01 08:51:00', '38.22841160', '21.74580180', 34, NULL, NULL, NULL, 5),
(99, '2013-06-01 08:55:00', '38.22841160', '21.74580180', 34, NULL, NULL, NULL, 5),
(100, '2013-06-01 08:59:06', '38.22841160', '21.74580180', 34, NULL, NULL, NULL, 5),
(101, '2013-06-02 09:51:08', '38.22831530', '21.74581710', 33, NULL, NULL, NULL, 5),
(102, '2013-06-01 22:03:21', '38.22831530', '21.74581710', 33, NULL, NULL, NULL, 5),
(103, '2013-06-01 22:07:21', '38.22831530', '21.74581710', 33, NULL, NULL, NULL, 5),
(104, '2013-06-01 22:44:24', '38.22831530', '21.74581710', 33, NULL, NULL, NULL, 5),
(105, '2013-06-01 23:04:24', '38.22831530', '21.74581710', 33, NULL, NULL, NULL, 5),
(106, '2013-06-01 23:05:24', '38.22831530', '21.74581710', 33, NULL, NULL, NULL, 5),
(107, '2013-06-01 23:50:26', '38.22831530', '21.74581710', 33, NULL, NULL, NULL, 5),
(108, '2013-06-02 00:07:54', '38.22831530', '21.74581710', 33, NULL, NULL, NULL, 5),
(109, '2013-06-02 00:10:54', '38.22831530', '21.74581710', 33, NULL, NULL, NULL, 5),
(110, '2013-06-02 00:18:54', '38.22831530', '21.74581710', 33, NULL, NULL, NULL, 5),
(111, '2013-06-02 00:44:01', '38.22831530', '21.74581710', 33, NULL, NULL, NULL, 5),
(112, '2013-06-02 00:46:01', '38.22831530', '21.74581710', 33, NULL, NULL, NULL, 5),
(113, '2013-06-02 00:50:56', '38.22831530', '21.74581710', 33, NULL, NULL, NULL, 5),
(114, '2013-06-02 01:05:57', '38.22831530', '21.74581710', 33, NULL, NULL, NULL, 5),
(115, '2013-06-02 01:07:57', '38.22831530', '21.74581710', 33, NULL, NULL, NULL, 5),
(116, '2013-06-02 01:13:57', '38.22831530', '21.74581710', 33, NULL, NULL, NULL, 5),
(117, '2013-06-02 01:30:04', '38.22831950', '21.74582560', 31, NULL, NULL, NULL, 5),
(118, '2013-06-02 01:50:10', '38.22831950', '21.74582560', 31, NULL, NULL, NULL, 5),
(119, '2013-06-02 02:25:12', '38.22831950', '21.74582560', 31, NULL, NULL, NULL, 5),
(120, '2013-06-02 02:30:12', '38.22831950', '21.74582560', 31, NULL, NULL, NULL, 5),
(121, '2013-06-02 02:38:13', '38.22831950', '21.74582560', 31, NULL, NULL, NULL, 5),
(122, '2013-06-02 02:41:13', '38.22831950', '21.74582560', 31, NULL, NULL, NULL, 5),
(123, '2013-06-02 02:42:13', '38.22831950', '21.74582560', 31, NULL, NULL, NULL, 5),
(124, '2013-06-02 02:45:13', '38.22831950', '21.74582560', 31, NULL, NULL, NULL, 5),
(125, '2013-06-02 02:58:19', '38.22831950', '21.74582560', 31, NULL, NULL, NULL, 5),
(126, '2013-06-02 03:05:14', '38.22831950', '21.74582560', 31, NULL, NULL, NULL, 5),
(127, '2013-06-02 03:12:14', '38.22831950', '21.74582560', 31, NULL, NULL, NULL, 5),
(128, '2013-06-02 03:17:14', '38.22831950', '21.74582560', 31, NULL, NULL, NULL, 5),
(129, '2013-06-02 03:20:14', '38.22831950', '21.74582560', 31, NULL, NULL, NULL, 5),
(130, '2013-06-02 03:43:01', '38.22831950', '21.74582560', 31, NULL, NULL, NULL, 5),
(131, '2013-06-02 03:57:17', '38.22831950', '21.74582560', 31, NULL, NULL, NULL, 5),
(132, '2013-06-02 04:09:17', '38.22831950', '21.74582560', 31, NULL, NULL, NULL, 5),
(133, '2013-06-02 04:16:13', '38.22831950', '21.74582560', 31, NULL, NULL, NULL, 5),
(134, '2013-06-02 04:24:13', '38.22831950', '21.74582560', 31, NULL, NULL, NULL, 5),
(135, '2013-06-02 04:43:20', '38.22836220', '21.74593630', 30, NULL, NULL, NULL, 5),
(136, '2013-06-02 04:51:20', '38.22836220', '21.74593630', 30, NULL, NULL, NULL, 5),
(137, '2013-06-02 05:05:16', '38.22836220', '21.74593630', 30, NULL, NULL, NULL, 5),
(138, '2013-06-02 05:11:16', '38.22836220', '21.74593630', 30, NULL, NULL, NULL, 5),
(139, '2013-06-02 05:18:16', '38.22836220', '21.74593630', 30, NULL, NULL, NULL, 5),
(140, '2013-06-02 05:22:17', '38.22836220', '21.74593630', 30, NULL, NULL, NULL, 5),
(141, '2013-06-02 05:38:40', '38.25539320', '21.74501320', 111, NULL, NULL, NULL, 5),
(142, '2013-06-02 05:55:29', '38.25670180', '21.74342890', 123, NULL, NULL, NULL, 5),
(143, '2013-06-02 06:33:31', '38.25678350', '21.74392180', 23, NULL, NULL, NULL, 5),
(144, '2013-06-02 06:40:31', '38.25678350', '21.74392180', 23, NULL, NULL, NULL, 5),
(145, '2013-06-02 06:42:31', '38.25682460', '21.74415330', 26, NULL, NULL, NULL, 5),
(146, '2013-06-02 06:46:31', '38.25674060', '21.74405180', 25, NULL, NULL, NULL, 5),
(147, '2013-06-02 06:47:31', '38.25674060', '21.74405180', 25, NULL, NULL, NULL, 5),
(148, '2013-06-02 07:08:38', '38.25671060', '21.74341610', 44, NULL, NULL, NULL, 5),
(149, '2013-06-02 07:31:59', '38.27604000', '21.76413180', 51, NULL, NULL, NULL, 5),
(150, '2013-06-02 07:54:31', '38.27411490', '21.76612650', 22, NULL, NULL, NULL, 5),
(151, '2013-06-02 08:05:32', '38.27411490', '21.76612650', 22, NULL, NULL, NULL, 5),
(152, '2013-06-02 08:14:38', '38.27411490', '21.76612650', 22, NULL, NULL, NULL, 5),
(153, '2013-06-02 08:23:33', '38.27411350', '21.76612730', 24, NULL, NULL, NULL, 5),
(154, '2013-06-02 08:37:33', '38.27411250', '21.76612580', 27, NULL, NULL, NULL, 5),
(155, '2013-06-02 08:55:40', '38.27411350', '21.76612730', 24, NULL, NULL, NULL, 5),
(156, '2013-06-02 09:11:38', '38.27411350', '21.76612610', 25, NULL, NULL, NULL, 5),
(157, '2013-06-02 09:15:38', '38.27440940', '21.76577270', 34, NULL, NULL, NULL, 5),
(158, '2013-06-02 09:21:38', '38.27440940', '21.76577270', 34, NULL, NULL, NULL, 5),
(159, '2013-06-02 09:24:38', '38.27432580', '21.76592800', 33, NULL, NULL, NULL, 5),
(160, '2013-06-02 09:28:39', '38.27439460', '21.76577600', 30, NULL, NULL, NULL, 5),
(161, '2013-06-02 09:36:49', '38.27439460', '21.76577600', 30, NULL, NULL, NULL, 5),
(162, '2013-06-01 22:04:40', '38.27421030', '21.76596510', 42, NULL, NULL, NULL, 5),
(163, '2013-06-01 22:14:41', '38.27438310', '21.76579340', 32, NULL, NULL, NULL, 5),
(164, '2013-06-01 22:16:41', '38.27438310', '21.76579340', 32, NULL, NULL, NULL, 5),
(165, '2013-06-01 22:29:47', '38.27429590', '21.76584640', 32, NULL, NULL, NULL, 5),
(166, '2013-06-02 00:56:11', '38.22823170', '21.74497690', 45, NULL, NULL, NULL, 5),
(167, '2013-06-02 01:11:11', '38.22822930', '21.74493230', 45, NULL, NULL, NULL, 5),
(168, '2013-06-02 01:14:11', '38.22764600', '21.74470060', 12, NULL, NULL, NULL, 5),
(169, '2013-06-02 01:17:11', '38.22822920', '21.74493500', 40, NULL, NULL, NULL, 5),
(170, '2013-06-02 02:30:43', '38.22831930', '21.74584500', 39, NULL, NULL, NULL, 5),
(171, '2013-06-02 02:31:43', '38.22831930', '21.74584500', 39, NULL, NULL, NULL, 5),
(172, '2013-06-02 02:53:43', '38.22829890', '21.74562370', 97, NULL, NULL, NULL, 5),
(173, '2013-06-02 03:04:50', '38.22833440', '21.74590320', 67, NULL, NULL, NULL, 5),
(174, '2013-06-02 03:21:59', '38.22824000', '21.74499980', 70, NULL, NULL, NULL, 5),
(175, '2013-06-02 03:30:42', '38.22842280', '21.74592050', 39, NULL, NULL, NULL, 5),
(176, '2013-06-02 03:38:42', '38.22838310', '21.74578160', 42, NULL, NULL, NULL, 5),
(177, '2013-06-02 03:58:49', '38.22842510', '21.74589410', 37, NULL, NULL, NULL, 5),
(178, '2013-06-02 03:59:49', '38.22842510', '21.74589410', 37, NULL, NULL, NULL, 5),
(179, '2013-06-02 04:01:49', '38.22842510', '21.74589410', 37, NULL, NULL, NULL, 5),
(180, '2013-06-02 04:16:00', '38.22842510', '21.74589410', 37, NULL, NULL, NULL, 5),
(181, '2013-06-02 04:24:00', '38.22842510', '21.74589410', 37, NULL, NULL, NULL, 5),
(182, '2013-06-02 04:26:00', '38.22842510', '21.74589410', 37, NULL, NULL, NULL, 5),
(183, '2013-06-02 04:29:00', '38.22842510', '21.74589410', 37, NULL, NULL, NULL, 5),
(184, '2013-06-03 03:07:13', '38.25306120', '21.74194820', 1553, NULL, NULL, NULL, 5),
(185, '2013-06-03 03:08:13', '38.25306120', '21.74194820', 1553, NULL, NULL, NULL, 5),
(186, '2013-06-03 03:11:13', '38.25862750', '21.74155820', 1514, NULL, NULL, NULL, 5),
(187, '2013-06-03 03:35:07', '38.21699720', '21.74796470', 2267, NULL, NULL, NULL, 5),
(188, '2013-06-03 03:49:14', '38.23223400', '21.74130470', 2085, NULL, NULL, NULL, 5),
(189, '2013-06-02 23:00:30', '38.22838460', '21.74575620', 43, NULL, NULL, NULL, 5),
(190, '2013-06-02 23:03:31', '38.22838460', '21.74575620', 43, NULL, NULL, NULL, 5),
(191, '2013-06-02 23:12:31', '38.22838460', '21.74575620', 43, NULL, NULL, NULL, 5),
(192, '2013-06-02 23:31:37', '38.22834550', '21.74583000', 43, NULL, NULL, NULL, 5),
(193, '2013-06-03 01:15:54', '38.21699720', '21.74796470', 2267, NULL, NULL, NULL, 5),
(194, '2013-06-03 01:21:54', '38.21673690', '21.74848180', 2936, NULL, NULL, NULL, 5),
(195, '2013-06-03 01:33:54', '38.22778790', '21.74165660', 40, NULL, NULL, NULL, 5),
(196, '2015-09-24 01:12:42', '38.24547780', '21.73474000', 23, NULL, NULL, NULL, 5),
(197, '2015-09-24 01:23:52', '38.24545120', '21.73583730', 51, NULL, NULL, NULL, 5),
(198, '2015-09-24 01:25:10', '38.24545120', '21.73583730', 1055, NULL, NULL, NULL, 5),
(199, '2015-09-24 01:44:24', '38.24519430', '21.73636180', 1756, NULL, NULL, NULL, 5),
(200, '2015-09-24 02:10:23', '38.23156000', '21.75553120', 24, NULL, NULL, NULL, 5),
(201, '2015-09-24 02:29:11', '38.23156010', '21.75553200', 24, NULL, NULL, NULL, 5),
(202, '2015-09-24 03:25:38', '38.23156040', '21.75553170', 23, NULL, NULL, NULL, 5),
(203, '2015-09-24 03:33:43', '38.23153520', '21.75556060', 52, NULL, NULL, NULL, 5),
(204, '2015-09-24 03:56:35', '38.23156040', '21.75553170', 23, NULL, NULL, NULL, 5),
(205, '2015-09-24 04:54:51', '38.23156000', '21.75553150', 24, NULL, NULL, NULL, 5),
(206, '2015-09-24 04:56:51', '38.23161480', '21.75550910', 37, NULL, NULL, NULL, 5),
(207, '2015-09-24 05:17:28', '38.23159330', '21.75555580', 57, NULL, NULL, NULL, 5),
(208, '2015-09-24 06:29:13', '38.23155890', '21.75553280', 24, NULL, NULL, NULL, 5),
(209, '2015-09-24 08:07:18', '38.23156000', '21.75553150', 24, NULL, NULL, NULL, 5),
(210, '2015-09-25 09:42:53', '38.23156000', '21.75553150', 24, NULL, NULL, NULL, 5),
(211, '2015-09-24 22:07:58', '38.23156000', '21.75553150', 24, NULL, NULL, NULL, 5),
(212, '2015-09-24 22:27:05', '38.23156000', '21.75553150', 24, NULL, NULL, NULL, 5),
(213, '2015-09-24 23:10:08', '38.23156000', '21.75553150', 24, NULL, NULL, NULL, 5),
(214, '2015-09-25 01:07:33', '38.23155980', '21.75553170', 25, NULL, NULL, NULL, 5),
(215, '2015-09-25 02:10:19', '38.23155980', '21.75553170', 25, NULL, NULL, NULL, 5),
(216, '2015-09-25 05:10:01', '38.23155890', '21.75553280', 24, NULL, NULL, NULL, 5),
(217, '2015-09-25 05:25:05', '38.23155890', '21.75553280', 24, NULL, NULL, NULL, 5),
(218, '2015-09-25 05:34:38', '38.23155890', '21.75553280', 24, NULL, NULL, NULL, 5),
(219, '2015-09-25 06:45:03', '38.23155960', '21.75553120', 25, NULL, NULL, NULL, 5),
(220, '2015-09-25 07:08:42', '38.23155960', '21.75553120', 25, NULL, NULL, NULL, 5),
(221, '2013-05-31 22:38:59', '38.22832190', '21.74574640', 97, NULL, NULL, NULL, 5),
(222, '2013-05-31 22:49:59', '38.22841360', '21.74595380', 45, NULL, NULL, NULL, 5),
(223, '2013-05-31 23:06:59', '38.22839660', '21.74573660', 37, NULL, NULL, NULL, 5),
(224, '2013-05-31 23:35:22', '38.22839660', '21.74573660', 37, NULL, NULL, NULL, 5),
(225, '2013-05-31 23:44:22', '38.22839660', '21.74573660', 37, NULL, NULL, NULL, 5),
(226, '2013-06-01 00:15:25', '38.22839410', '21.74581230', 37, NULL, NULL, NULL, 5),
(227, '2013-06-01 00:28:25', '38.22839670', '21.74578950', 40, NULL, NULL, NULL, 5),
(228, '2013-06-01 00:30:25', '38.22840290', '21.74586600', 37, NULL, NULL, NULL, 5),
(229, '2013-06-01 00:52:59', '38.22840870', '21.74586240', 37, NULL, NULL, NULL, 5),
(230, '2013-06-01 00:54:59', '38.22840870', '21.74586240', 37, NULL, NULL, NULL, 5),
(231, '2013-06-01 01:27:06', '38.22838560', '21.74580780', 34, NULL, NULL, NULL, 5),
(232, '2013-06-01 01:54:03', '38.22838560', '21.74580780', 34, NULL, NULL, NULL, 5),
(233, '2013-06-01 01:58:02', '38.23244340', '21.74125600', 1748, NULL, NULL, NULL, 5),
(234, '2013-06-01 02:08:33', '38.22517630', '21.74911410', 27, NULL, NULL, NULL, 5),
(235, '2013-06-01 02:18:35', '38.24106020', '21.73123390', 2344, NULL, NULL, NULL, 5),
(236, '2013-06-01 02:27:36', '38.25866200', '21.74374740', 1826, NULL, NULL, NULL, 5),
(237, '2013-06-01 03:08:59', '38.23244340', '21.74125600', 1748, NULL, NULL, NULL, 5),
(238, '2013-06-01 03:13:59', '38.23244340', '21.74125600', 1748, NULL, NULL, NULL, 5),
(239, '2013-06-01 03:30:59', '38.23244340', '21.74125600', 1748, NULL, NULL, NULL, 5),
(240, '2013-06-01 03:34:59', '38.23244340', '21.74125600', 1748, NULL, NULL, NULL, 5),
(241, '2013-06-01 04:49:21', '38.22833850', '21.74577340', 45, NULL, NULL, NULL, 5),
(242, '2013-06-01 05:05:21', '38.22838220', '21.74593300', 37, NULL, NULL, NULL, 5),
(243, '2013-06-01 05:07:21', '38.22838220', '21.74593300', 37, NULL, NULL, NULL, 5),
(244, '2013-06-01 05:17:22', '38.22837280', '21.74588530', 36, NULL, NULL, NULL, 5),
(245, '2013-06-01 05:28:28', '38.22839900', '21.74591740', 34, NULL, NULL, NULL, 5),
(246, '2013-06-01 05:32:00', '38.22839900', '21.74591740', 34, NULL, NULL, NULL, 5),
(247, '2013-06-01 05:42:00', '38.22841160', '21.74580180', 34, NULL, NULL, NULL, 5),
(248, '2013-06-01 05:59:01', '38.22841160', '21.74580180', 34, NULL, NULL, NULL, 5),
(249, '2013-06-01 06:08:07', '38.22841160', '21.74580180', 34, NULL, NULL, NULL, 5),
(250, '2013-06-01 06:09:07', '38.22841160', '21.74580180', 34, NULL, NULL, NULL, 5),
(251, '2013-06-01 06:21:02', '38.22841160', '21.74580180', 34, NULL, NULL, NULL, 5),
(252, '2013-06-01 06:24:02', '38.22841160', '21.74580180', 34, NULL, NULL, NULL, 5),
(253, '2013-06-01 06:27:02', '38.22841160', '21.74580180', 34, NULL, NULL, NULL, 5),
(254, '2013-06-01 06:31:02', '38.22841160', '21.74580180', 34, NULL, NULL, NULL, 5),
(255, '2013-06-01 06:35:03', '38.22841160', '21.74580180', 34, NULL, NULL, NULL, 5),
(256, '2013-06-01 06:48:09', '38.22841160', '21.74580180', 34, NULL, NULL, NULL, 5),
(257, '2013-06-01 06:49:09', '38.22841160', '21.74580180', 34, NULL, NULL, NULL, 5),
(258, '2013-06-01 06:54:09', '38.22841160', '21.74580180', 34, NULL, NULL, NULL, 5),
(259, '2013-06-01 06:55:09', '38.22841160', '21.74580180', 34, NULL, NULL, NULL, 5),
(260, '2013-06-01 06:57:10', '38.22841160', '21.74580180', 34, NULL, NULL, NULL, 5),
(261, '2013-06-01 07:09:05', '38.22841160', '21.74580180', 34, NULL, NULL, NULL, 5),
(262, '2013-06-01 07:10:05', '38.22841160', '21.74580180', 34, NULL, NULL, NULL, 5),
(263, '2013-06-01 07:27:05', '38.22841160', '21.74580180', 34, NULL, NULL, NULL, 5),
(264, '2013-06-01 07:38:12', '38.22841160', '21.74580180', 34, NULL, NULL, NULL, 5),
(265, '2013-06-01 07:41:12', '38.22841160', '21.74580180', 34, NULL, NULL, NULL, 5),
(266, '2013-06-01 07:44:06', '38.22841160', '21.74580180', 34, NULL, NULL, NULL, 5),
(267, '2013-06-01 07:55:07', '38.22841160', '21.74580180', 34, NULL, NULL, NULL, 5),
(268, '2013-06-01 08:03:07', '38.22841160', '21.74580180', 34, NULL, NULL, NULL, 5),
(269, '2013-06-01 08:27:14', '38.22841160', '21.74580180', 34, NULL, NULL, NULL, 5),
(270, '2013-06-01 08:29:59', '38.22841160', '21.74580180', 34, NULL, NULL, NULL, 5),
(271, '2013-06-01 08:30:59', '38.22841160', '21.74580180', 34, NULL, NULL, NULL, 5),
(272, '2013-06-01 08:38:00', '38.22841160', '21.74580180', 34, NULL, NULL, NULL, 5),
(273, '2013-06-01 08:39:00', '38.22841160', '21.74580180', 34, NULL, NULL, NULL, 5),
(274, '2013-06-01 08:40:00', '38.22841160', '21.74580180', 34, NULL, NULL, NULL, 5),
(275, '2013-06-01 08:41:00', '38.22841160', '21.74580180', 34, NULL, NULL, NULL, 5),
(276, '2013-06-01 08:43:00', '38.22841160', '21.74580180', 34, NULL, NULL, NULL, 5),
(277, '2013-06-01 08:50:00', '38.22841160', '21.74580180', 34, NULL, NULL, NULL, 5),
(278, '2013-06-01 08:51:00', '38.22841160', '21.74580180', 34, NULL, NULL, NULL, 5),
(279, '2013-06-01 08:55:00', '38.22841160', '21.74580180', 34, NULL, NULL, NULL, 5),
(280, '2013-06-01 08:59:06', '38.22841160', '21.74580180', 34, NULL, NULL, NULL, 5),
(281, '2013-06-02 09:51:08', '38.22831530', '21.74581710', 33, NULL, NULL, NULL, 5),
(282, '2013-06-01 22:03:21', '38.22831530', '21.74581710', 33, NULL, NULL, NULL, 5),
(283, '2013-06-01 22:07:21', '38.22831530', '21.74581710', 33, NULL, NULL, NULL, 5),
(284, '2013-06-01 22:44:24', '38.22831530', '21.74581710', 33, NULL, NULL, NULL, 5),
(285, '2013-06-01 23:04:24', '38.22831530', '21.74581710', 33, NULL, NULL, NULL, 5),
(286, '2013-06-01 23:05:24', '38.22831530', '21.74581710', 33, NULL, NULL, NULL, 5),
(287, '2013-06-01 23:50:26', '38.22831530', '21.74581710', 33, NULL, NULL, NULL, 5),
(288, '2013-06-02 00:07:54', '38.22831530', '21.74581710', 33, NULL, NULL, NULL, 5),
(289, '2013-06-02 00:10:54', '38.22831530', '21.74581710', 33, NULL, NULL, NULL, 5),
(290, '2013-06-02 00:18:54', '38.22831530', '21.74581710', 33, NULL, NULL, NULL, 5),
(291, '2013-06-02 00:44:01', '38.22831530', '21.74581710', 33, NULL, NULL, NULL, 5),
(292, '2013-06-02 00:46:01', '38.22831530', '21.74581710', 33, NULL, NULL, NULL, 5),
(293, '2013-06-02 00:50:56', '38.22831530', '21.74581710', 33, NULL, NULL, NULL, 5),
(294, '2013-06-02 01:05:57', '38.22831530', '21.74581710', 33, NULL, NULL, NULL, 5),
(295, '2013-06-02 01:07:57', '38.22831530', '21.74581710', 33, NULL, NULL, NULL, 5),
(296, '2013-06-02 01:13:57', '38.22831530', '21.74581710', 33, NULL, NULL, NULL, 5),
(297, '2013-06-02 01:30:04', '38.22831950', '21.74582560', 31, NULL, NULL, NULL, 5),
(298, '2013-06-02 01:50:10', '38.22831950', '21.74582560', 31, NULL, NULL, NULL, 5),
(299, '2013-06-02 02:25:12', '38.22831950', '21.74582560', 31, NULL, NULL, NULL, 5),
(300, '2013-06-02 02:30:12', '38.22831950', '21.74582560', 31, NULL, NULL, NULL, 5),
(301, '2013-06-02 02:38:13', '38.22831950', '21.74582560', 31, NULL, NULL, NULL, 5),
(302, '2013-06-02 02:41:13', '38.22831950', '21.74582560', 31, NULL, NULL, NULL, 5),
(303, '2013-06-02 02:42:13', '38.22831950', '21.74582560', 31, NULL, NULL, NULL, 5),
(304, '2013-06-02 02:45:13', '38.22831950', '21.74582560', 31, NULL, NULL, NULL, 5),
(305, '2013-06-02 02:58:19', '38.22831950', '21.74582560', 31, NULL, NULL, NULL, 5),
(306, '2013-06-02 03:05:14', '38.22831950', '21.74582560', 31, NULL, NULL, NULL, 5),
(307, '2013-06-02 03:12:14', '38.22831950', '21.74582560', 31, NULL, NULL, NULL, 5),
(308, '2013-06-02 03:17:14', '38.22831950', '21.74582560', 31, NULL, NULL, NULL, 5),
(309, '2013-06-02 03:20:14', '38.22831950', '21.74582560', 31, NULL, NULL, NULL, 5),
(310, '2013-06-02 03:43:01', '38.22831950', '21.74582560', 31, NULL, NULL, NULL, 5),
(311, '2013-06-02 03:57:17', '38.22831950', '21.74582560', 31, NULL, NULL, NULL, 5),
(312, '2013-06-02 04:09:17', '38.22831950', '21.74582560', 31, NULL, NULL, NULL, 5),
(313, '2013-06-02 04:16:13', '38.22831950', '21.74582560', 31, NULL, NULL, NULL, 5),
(314, '2013-06-02 04:24:13', '38.22831950', '21.74582560', 31, NULL, NULL, NULL, 5),
(315, '2013-06-02 04:43:20', '38.22836220', '21.74593630', 30, NULL, NULL, NULL, 5),
(316, '2013-06-02 04:51:20', '38.22836220', '21.74593630', 30, NULL, NULL, NULL, 5),
(317, '2013-06-02 05:05:16', '38.22836220', '21.74593630', 30, NULL, NULL, NULL, 5),
(318, '2013-06-02 05:11:16', '38.22836220', '21.74593630', 30, NULL, NULL, NULL, 5),
(319, '2013-06-02 05:18:16', '38.22836220', '21.74593630', 30, NULL, NULL, NULL, 5),
(320, '2013-06-02 05:22:17', '38.22836220', '21.74593630', 30, NULL, NULL, NULL, 5),
(321, '2013-06-02 05:38:40', '38.25539320', '21.74501320', 111, NULL, NULL, NULL, 5),
(322, '2013-06-02 05:55:29', '38.25670180', '21.74342890', 123, NULL, NULL, NULL, 5),
(323, '2013-06-02 06:33:31', '38.25678350', '21.74392180', 23, NULL, NULL, NULL, 5),
(324, '2013-06-02 06:40:31', '38.25678350', '21.74392180', 23, NULL, NULL, NULL, 5),
(325, '2013-06-02 06:42:31', '38.25682460', '21.74415330', 26, NULL, NULL, NULL, 5),
(326, '2013-06-02 06:46:31', '38.25674060', '21.74405180', 25, NULL, NULL, NULL, 5),
(327, '2013-06-02 06:47:31', '38.25674060', '21.74405180', 25, NULL, NULL, NULL, 5),
(328, '2013-06-02 07:08:38', '38.25671060', '21.74341610', 44, NULL, NULL, NULL, 5),
(329, '2013-06-02 07:31:59', '38.27604000', '21.76413180', 51, NULL, NULL, NULL, 5),
(330, '2013-06-02 07:54:31', '38.27411490', '21.76612650', 22, NULL, NULL, NULL, 5),
(331, '2013-06-02 08:05:32', '38.27411490', '21.76612650', 22, NULL, NULL, NULL, 5),
(332, '2013-06-02 08:14:38', '38.27411490', '21.76612650', 22, NULL, NULL, NULL, 5),
(333, '2013-06-02 08:23:33', '38.27411350', '21.76612730', 24, NULL, NULL, NULL, 5),
(334, '2013-06-02 08:37:33', '38.27411250', '21.76612580', 27, NULL, NULL, NULL, 5),
(335, '2013-06-02 08:55:40', '38.27411350', '21.76612730', 24, NULL, NULL, NULL, 5),
(336, '2013-06-02 09:11:38', '38.27411350', '21.76612610', 25, NULL, NULL, NULL, 5),
(337, '2013-06-02 09:15:38', '38.27440940', '21.76577270', 34, NULL, NULL, NULL, 5),
(338, '2013-06-02 09:21:38', '38.27440940', '21.76577270', 34, NULL, NULL, NULL, 5),
(339, '2013-06-02 09:24:38', '38.27432580', '21.76592800', 33, NULL, NULL, NULL, 5),
(340, '2013-06-02 09:28:39', '38.27439460', '21.76577600', 30, NULL, NULL, NULL, 5),
(341, '2013-06-02 09:36:49', '38.27439460', '21.76577600', 30, NULL, NULL, NULL, 5),
(342, '2013-06-01 22:04:40', '38.27421030', '21.76596510', 42, NULL, NULL, NULL, 5),
(343, '2013-06-01 22:14:41', '38.27438310', '21.76579340', 32, NULL, NULL, NULL, 5),
(344, '2013-06-01 22:16:41', '38.27438310', '21.76579340', 32, NULL, NULL, NULL, 5),
(345, '2013-06-01 22:29:47', '38.27429590', '21.76584640', 32, NULL, NULL, NULL, 5),
(346, '2013-06-02 00:56:11', '38.22823170', '21.74497690', 45, NULL, NULL, NULL, 5),
(347, '2013-06-02 01:11:11', '38.22822930', '21.74493230', 45, NULL, NULL, NULL, 5),
(348, '2013-06-02 01:14:11', '38.22764600', '21.74470060', 12, NULL, NULL, NULL, 5),
(349, '2013-06-02 01:17:11', '38.22822920', '21.74493500', 40, NULL, NULL, NULL, 5),
(350, '2013-06-02 02:30:43', '38.22831930', '21.74584500', 39, NULL, NULL, NULL, 5),
(351, '2013-06-02 02:31:43', '38.22831930', '21.74584500', 39, NULL, NULL, NULL, 5),
(352, '2013-06-02 02:53:43', '38.22829890', '21.74562370', 97, NULL, NULL, NULL, 5),
(353, '2013-06-02 03:04:50', '38.22833440', '21.74590320', 67, NULL, NULL, NULL, 5),
(354, '2013-06-02 03:21:59', '38.22824000', '21.74499980', 70, NULL, NULL, NULL, 5),
(355, '2013-06-02 03:30:42', '38.22842280', '21.74592050', 39, NULL, NULL, NULL, 5),
(356, '2013-06-02 03:38:42', '38.22838310', '21.74578160', 42, NULL, NULL, NULL, 5),
(357, '2013-06-02 03:58:49', '38.22842510', '21.74589410', 37, NULL, NULL, NULL, 5),
(358, '2013-06-02 03:59:49', '38.22842510', '21.74589410', 37, NULL, NULL, NULL, 5),
(359, '2013-06-02 04:01:49', '38.22842510', '21.74589410', 37, NULL, NULL, NULL, 5),
(360, '2013-06-02 04:16:00', '38.22842510', '21.74589410', 37, NULL, NULL, NULL, 5),
(361, '2013-06-02 04:24:00', '38.22842510', '21.74589410', 37, NULL, NULL, NULL, 5),
(362, '2013-06-02 04:26:00', '38.22842510', '21.74589410', 37, NULL, NULL, NULL, 5),
(363, '2013-06-02 04:29:00', '38.22842510', '21.74589410', 37, NULL, NULL, NULL, 5),
(364, '2013-06-03 03:07:13', '38.25306120', '21.74194820', 1553, NULL, NULL, NULL, 5),
(365, '2013-06-03 03:08:13', '38.25306120', '21.74194820', 1553, NULL, NULL, NULL, 5),
(366, '2013-06-03 03:11:13', '38.25862750', '21.74155820', 1514, NULL, NULL, NULL, 5),
(367, '2013-06-03 03:35:07', '38.21699720', '21.74796470', 2267, NULL, NULL, NULL, 5),
(368, '2013-06-03 03:49:14', '38.23223400', '21.74130470', 2085, NULL, NULL, NULL, 5),
(369, '2013-06-02 23:00:30', '38.22838460', '21.74575620', 43, NULL, NULL, NULL, 5),
(370, '2013-06-02 23:03:31', '38.22838460', '21.74575620', 43, NULL, NULL, NULL, 5),
(371, '2013-06-02 23:12:31', '38.22838460', '21.74575620', 43, NULL, NULL, NULL, 5),
(372, '2013-06-02 23:31:37', '38.22834550', '21.74583000', 43, NULL, NULL, NULL, 5),
(373, '2013-06-03 01:15:54', '38.21699720', '21.74796470', 2267, NULL, NULL, NULL, 5),
(374, '2013-06-03 01:21:54', '38.21673690', '21.74848180', 2936, NULL, NULL, NULL, 5),
(375, '2013-06-03 01:33:54', '38.22778790', '21.74165660', 40, NULL, NULL, NULL, 5),
(376, '2015-09-24 01:12:42', '38.24547780', '21.73474000', 23, NULL, NULL, NULL, 5),
(377, '2015-09-24 01:23:52', '38.24545120', '21.73583730', 51, NULL, NULL, NULL, 5),
(378, '2015-09-24 01:25:10', '38.24545120', '21.73583730', 1055, NULL, NULL, NULL, 5),
(379, '2015-09-24 01:44:24', '38.24519430', '21.73636180', 1756, NULL, NULL, NULL, 5),
(380, '2015-09-24 02:10:23', '38.23156000', '21.75553120', 24, NULL, NULL, NULL, 5),
(381, '2015-09-24 02:29:11', '38.23156010', '21.75553200', 24, NULL, NULL, NULL, 5),
(382, '2015-09-24 03:25:38', '38.23156040', '21.75553170', 23, NULL, NULL, NULL, 5),
(383, '2015-09-24 03:33:43', '38.23153520', '21.75556060', 52, NULL, NULL, NULL, 5),
(384, '2015-09-24 03:56:35', '38.23156040', '21.75553170', 23, NULL, NULL, NULL, 5),
(385, '2015-09-24 04:54:51', '38.23156000', '21.75553150', 24, NULL, NULL, NULL, 5),
(386, '2015-09-24 04:56:51', '38.23161480', '21.75550910', 37, NULL, NULL, NULL, 5),
(387, '2015-09-24 05:17:28', '38.23159330', '21.75555580', 57, NULL, NULL, NULL, 5),
(388, '2015-09-24 06:29:13', '38.23155890', '21.75553280', 24, NULL, NULL, NULL, 5),
(389, '2015-09-24 08:07:18', '38.23156000', '21.75553150', 24, NULL, NULL, NULL, 5),
(390, '2015-09-25 09:42:53', '38.23156000', '21.75553150', 24, NULL, NULL, NULL, 5),
(391, '2015-09-24 22:07:58', '38.23156000', '21.75553150', 24, NULL, NULL, NULL, 5),
(392, '2015-09-24 22:27:05', '38.23156000', '21.75553150', 24, NULL, NULL, NULL, 5),
(393, '2015-09-24 23:10:08', '38.23156000', '21.75553150', 24, NULL, NULL, NULL, 5),
(394, '2015-09-25 01:07:33', '38.23155980', '21.75553170', 25, NULL, NULL, NULL, 5),
(395, '2015-09-25 02:10:19', '38.23155980', '21.75553170', 25, NULL, NULL, NULL, 5),
(396, '2015-09-25 05:10:01', '38.23155890', '21.75553280', 24, NULL, NULL, NULL, 5),
(397, '2015-09-25 05:25:05', '38.23155890', '21.75553280', 24, NULL, NULL, NULL, 5),
(398, '2015-09-25 05:34:38', '38.23155890', '21.75553280', 24, NULL, NULL, NULL, 5),
(399, '2015-09-25 06:45:03', '38.23155960', '21.75553120', 25, NULL, NULL, NULL, 5),
(400, '2015-09-25 07:08:42', '38.23155960', '21.75553120', 25, NULL, NULL, NULL, 5),
(401, '2013-05-31 22:38:59', '38.22832190', '21.74574640', 97, NULL, NULL, NULL, 5),
(402, '2013-05-31 22:49:59', '38.22841360', '21.74595380', 45, NULL, NULL, NULL, 5),
(403, '2013-05-31 23:06:59', '38.22839660', '21.74573660', 37, NULL, NULL, NULL, 5),
(404, '2013-05-31 23:35:22', '38.22839660', '21.74573660', 37, NULL, NULL, NULL, 5),
(405, '2013-05-31 23:44:22', '38.22839660', '21.74573660', 37, NULL, NULL, NULL, 5),
(406, '2013-06-01 00:15:25', '38.22839410', '21.74581230', 37, NULL, NULL, NULL, 5),
(407, '2013-06-01 00:28:25', '38.22839670', '21.74578950', 40, NULL, NULL, NULL, 5),
(408, '2013-06-01 00:30:25', '38.22840290', '21.74586600', 37, NULL, NULL, NULL, 5),
(409, '2013-06-01 00:52:59', '38.22840870', '21.74586240', 37, NULL, NULL, NULL, 5),
(410, '2013-06-01 00:54:59', '38.22840870', '21.74586240', 37, NULL, NULL, NULL, 5),
(411, '2013-06-01 01:27:06', '38.22838560', '21.74580780', 34, NULL, NULL, NULL, 5),
(412, '2013-06-01 01:54:03', '38.22838560', '21.74580780', 34, NULL, NULL, NULL, 5),
(413, '2013-06-01 01:58:02', '38.23244340', '21.74125600', 1748, NULL, NULL, NULL, 5),
(414, '2013-06-01 02:08:33', '38.22517630', '21.74911410', 27, NULL, NULL, NULL, 5),
(415, '2013-06-01 02:18:35', '38.24106020', '21.73123390', 2344, NULL, NULL, NULL, 5),
(416, '2013-06-01 02:27:36', '38.25866200', '21.74374740', 1826, NULL, NULL, NULL, 5),
(417, '2013-06-01 03:08:59', '38.23244340', '21.74125600', 1748, NULL, NULL, NULL, 5),
(418, '2013-06-01 03:13:59', '38.23244340', '21.74125600', 1748, NULL, NULL, NULL, 5),
(419, '2013-06-01 03:30:59', '38.23244340', '21.74125600', 1748, NULL, NULL, NULL, 5),
(420, '2013-06-01 03:34:59', '38.23244340', '21.74125600', 1748, NULL, NULL, NULL, 5),
(421, '2013-06-01 04:49:21', '38.22833850', '21.74577340', 45, NULL, NULL, NULL, 5),
(422, '2013-06-01 05:05:21', '38.22838220', '21.74593300', 37, NULL, NULL, NULL, 5),
(423, '2013-06-01 05:07:21', '38.22838220', '21.74593300', 37, NULL, NULL, NULL, 5),
(424, '2013-06-01 05:17:22', '38.22837280', '21.74588530', 36, NULL, NULL, NULL, 5),
(425, '2013-06-01 05:28:28', '38.22839900', '21.74591740', 34, NULL, NULL, NULL, 5),
(426, '2013-06-01 05:32:00', '38.22839900', '21.74591740', 34, NULL, NULL, NULL, 5),
(427, '2013-06-01 05:42:00', '38.22841160', '21.74580180', 34, NULL, NULL, NULL, 5),
(428, '2013-06-01 05:59:01', '38.22841160', '21.74580180', 34, NULL, NULL, NULL, 5),
(429, '2013-06-01 06:08:07', '38.22841160', '21.74580180', 34, NULL, NULL, NULL, 5),
(430, '2013-06-01 06:09:07', '38.22841160', '21.74580180', 34, NULL, NULL, NULL, 5),
(431, '2013-06-01 06:21:02', '38.22841160', '21.74580180', 34, NULL, NULL, NULL, 5),
(432, '2013-06-01 06:24:02', '38.22841160', '21.74580180', 34, NULL, NULL, NULL, 5),
(433, '2013-06-01 06:27:02', '38.22841160', '21.74580180', 34, NULL, NULL, NULL, 5),
(434, '2013-06-01 06:31:02', '38.22841160', '21.74580180', 34, NULL, NULL, NULL, 5),
(435, '2013-06-01 06:35:03', '38.22841160', '21.74580180', 34, NULL, NULL, NULL, 5),
(436, '2013-06-01 06:48:09', '38.22841160', '21.74580180', 34, NULL, NULL, NULL, 5),
(437, '2013-06-01 06:49:09', '38.22841160', '21.74580180', 34, NULL, NULL, NULL, 5),
(438, '2013-06-01 06:54:09', '38.22841160', '21.74580180', 34, NULL, NULL, NULL, 5),
(439, '2013-06-01 06:55:09', '38.22841160', '21.74580180', 34, NULL, NULL, NULL, 5),
(440, '2013-06-01 06:57:10', '38.22841160', '21.74580180', 34, NULL, NULL, NULL, 5),
(441, '2013-06-01 07:09:05', '38.22841160', '21.74580180', 34, NULL, NULL, NULL, 5),
(442, '2013-06-01 07:10:05', '38.22841160', '21.74580180', 34, NULL, NULL, NULL, 5),
(443, '2013-06-01 07:27:05', '38.22841160', '21.74580180', 34, NULL, NULL, NULL, 5),
(444, '2013-06-01 07:38:12', '38.22841160', '21.74580180', 34, NULL, NULL, NULL, 5),
(445, '2013-06-01 07:41:12', '38.22841160', '21.74580180', 34, NULL, NULL, NULL, 5),
(446, '2013-06-01 07:44:06', '38.22841160', '21.74580180', 34, NULL, NULL, NULL, 5),
(447, '2013-06-01 07:55:07', '38.22841160', '21.74580180', 34, NULL, NULL, NULL, 5),
(448, '2013-06-01 08:03:07', '38.22841160', '21.74580180', 34, NULL, NULL, NULL, 5),
(449, '2013-06-01 08:27:14', '38.22841160', '21.74580180', 34, NULL, NULL, NULL, 5),
(450, '2013-06-01 08:29:59', '38.22841160', '21.74580180', 34, NULL, NULL, NULL, 5),
(451, '2013-06-01 08:30:59', '38.22841160', '21.74580180', 34, NULL, NULL, NULL, 5),
(452, '2013-06-01 08:38:00', '38.22841160', '21.74580180', 34, NULL, NULL, NULL, 5),
(453, '2013-06-01 08:39:00', '38.22841160', '21.74580180', 34, NULL, NULL, NULL, 5),
(454, '2013-06-01 08:40:00', '38.22841160', '21.74580180', 34, NULL, NULL, NULL, 5),
(455, '2013-06-01 08:41:00', '38.22841160', '21.74580180', 34, NULL, NULL, NULL, 5),
(456, '2013-06-01 08:43:00', '38.22841160', '21.74580180', 34, NULL, NULL, NULL, 5),
(457, '2013-06-01 08:50:00', '38.22841160', '21.74580180', 34, NULL, NULL, NULL, 5),
(458, '2013-06-01 08:51:00', '38.22841160', '21.74580180', 34, NULL, NULL, NULL, 5),
(459, '2013-06-01 08:55:00', '38.22841160', '21.74580180', 34, NULL, NULL, NULL, 5),
(460, '2013-06-01 08:59:06', '38.22841160', '21.74580180', 34, NULL, NULL, NULL, 5),
(461, '2013-06-02 09:51:08', '38.22831530', '21.74581710', 33, NULL, NULL, NULL, 5),
(462, '2013-06-01 22:03:21', '38.22831530', '21.74581710', 33, NULL, NULL, NULL, 5),
(463, '2013-06-01 22:07:21', '38.22831530', '21.74581710', 33, NULL, NULL, NULL, 5),
(464, '2013-06-01 22:44:24', '38.22831530', '21.74581710', 33, NULL, NULL, NULL, 5),
(465, '2013-06-01 23:04:24', '38.22831530', '21.74581710', 33, NULL, NULL, NULL, 5),
(466, '2013-06-01 23:05:24', '38.22831530', '21.74581710', 33, NULL, NULL, NULL, 5),
(467, '2013-06-01 23:50:26', '38.22831530', '21.74581710', 33, NULL, NULL, NULL, 5),
(468, '2013-06-02 00:07:54', '38.22831530', '21.74581710', 33, NULL, NULL, NULL, 5),
(469, '2013-06-02 00:10:54', '38.22831530', '21.74581710', 33, NULL, NULL, NULL, 5),
(470, '2013-06-02 00:18:54', '38.22831530', '21.74581710', 33, NULL, NULL, NULL, 5),
(471, '2013-06-02 00:44:01', '38.22831530', '21.74581710', 33, NULL, NULL, NULL, 5),
(472, '2013-06-02 00:46:01', '38.22831530', '21.74581710', 33, NULL, NULL, NULL, 5),
(473, '2013-06-02 00:50:56', '38.22831530', '21.74581710', 33, NULL, NULL, NULL, 5),
(474, '2013-06-02 01:05:57', '38.22831530', '21.74581710', 33, NULL, NULL, NULL, 5),
(475, '2013-06-02 01:07:57', '38.22831530', '21.74581710', 33, NULL, NULL, NULL, 5),
(476, '2013-06-02 01:13:57', '38.22831530', '21.74581710', 33, NULL, NULL, NULL, 5),
(477, '2013-06-02 01:30:04', '38.22831950', '21.74582560', 31, NULL, NULL, NULL, 5),
(478, '2013-06-02 01:50:10', '38.22831950', '21.74582560', 31, NULL, NULL, NULL, 5),
(479, '2013-06-02 02:25:12', '38.22831950', '21.74582560', 31, NULL, NULL, NULL, 5),
(480, '2013-06-02 02:30:12', '38.22831950', '21.74582560', 31, NULL, NULL, NULL, 5),
(481, '2013-06-02 02:38:13', '38.22831950', '21.74582560', 31, NULL, NULL, NULL, 5),
(482, '2013-06-02 02:41:13', '38.22831950', '21.74582560', 31, NULL, NULL, NULL, 5),
(483, '2013-06-02 02:42:13', '38.22831950', '21.74582560', 31, NULL, NULL, NULL, 5),
(484, '2013-06-02 02:45:13', '38.22831950', '21.74582560', 31, NULL, NULL, NULL, 5),
(485, '2013-06-02 02:58:19', '38.22831950', '21.74582560', 31, NULL, NULL, NULL, 5),
(486, '2013-06-02 03:05:14', '38.22831950', '21.74582560', 31, NULL, NULL, NULL, 5),
(487, '2013-06-02 03:12:14', '38.22831950', '21.74582560', 31, NULL, NULL, NULL, 5),
(488, '2013-06-02 03:17:14', '38.22831950', '21.74582560', 31, NULL, NULL, NULL, 5),
(489, '2013-06-02 03:20:14', '38.22831950', '21.74582560', 31, NULL, NULL, NULL, 5),
(490, '2013-06-02 03:43:01', '38.22831950', '21.74582560', 31, NULL, NULL, NULL, 5),
(491, '2013-06-02 03:57:17', '38.22831950', '21.74582560', 31, NULL, NULL, NULL, 5),
(492, '2013-06-02 04:09:17', '38.22831950', '21.74582560', 31, NULL, NULL, NULL, 5),
(493, '2013-06-02 04:16:13', '38.22831950', '21.74582560', 31, NULL, NULL, NULL, 5),
(494, '2013-06-02 04:24:13', '38.22831950', '21.74582560', 31, NULL, NULL, NULL, 5),
(495, '2013-06-02 04:43:20', '38.22836220', '21.74593630', 30, NULL, NULL, NULL, 5),
(496, '2013-06-02 04:51:20', '38.22836220', '21.74593630', 30, NULL, NULL, NULL, 5),
(497, '2013-06-02 05:05:16', '38.22836220', '21.74593630', 30, NULL, NULL, NULL, 5),
(498, '2013-06-02 05:11:16', '38.22836220', '21.74593630', 30, NULL, NULL, NULL, 5),
(499, '2013-06-02 05:18:16', '38.22836220', '21.74593630', 30, NULL, NULL, NULL, 5),
(500, '2013-06-02 05:22:17', '38.22836220', '21.74593630', 30, NULL, NULL, NULL, 5),
(501, '2013-06-02 05:38:40', '38.25539320', '21.74501320', 111, NULL, NULL, NULL, 5),
(502, '2013-06-02 05:55:29', '38.25670180', '21.74342890', 123, NULL, NULL, NULL, 5),
(503, '2013-06-02 06:33:31', '38.25678350', '21.74392180', 23, NULL, NULL, NULL, 5),
(504, '2013-06-02 06:40:31', '38.25678350', '21.74392180', 23, NULL, NULL, NULL, 5),
(505, '2013-06-02 06:42:31', '38.25682460', '21.74415330', 26, NULL, NULL, NULL, 5),
(506, '2013-06-02 06:46:31', '38.25674060', '21.74405180', 25, NULL, NULL, NULL, 5),
(507, '2013-06-02 06:47:31', '38.25674060', '21.74405180', 25, NULL, NULL, NULL, 5),
(508, '2013-06-02 07:08:38', '38.25671060', '21.74341610', 44, NULL, NULL, NULL, 5),
(509, '2013-06-02 07:31:59', '38.27604000', '21.76413180', 51, NULL, NULL, NULL, 5),
(510, '2013-06-02 07:54:31', '38.27411490', '21.76612650', 22, NULL, NULL, NULL, 5),
(511, '2013-06-02 08:05:32', '38.27411490', '21.76612650', 22, NULL, NULL, NULL, 5),
(512, '2013-06-02 08:14:38', '38.27411490', '21.76612650', 22, NULL, NULL, NULL, 5),
(513, '2013-06-02 08:23:33', '38.27411350', '21.76612730', 24, NULL, NULL, NULL, 5),
(514, '2013-06-02 08:37:33', '38.27411250', '21.76612580', 27, NULL, NULL, NULL, 5),
(515, '2013-06-02 08:55:40', '38.27411350', '21.76612730', 24, NULL, NULL, NULL, 5),
(516, '2013-06-02 09:11:38', '38.27411350', '21.76612610', 25, NULL, NULL, NULL, 5),
(517, '2013-06-02 09:15:38', '38.27440940', '21.76577270', 34, NULL, NULL, NULL, 5),
(518, '2013-06-02 09:21:38', '38.27440940', '21.76577270', 34, NULL, NULL, NULL, 5),
(519, '2013-06-02 09:24:38', '38.27432580', '21.76592800', 33, NULL, NULL, NULL, 5),
(520, '2013-06-02 09:28:39', '38.27439460', '21.76577600', 30, NULL, NULL, NULL, 5),
(521, '2013-06-02 09:36:49', '38.27439460', '21.76577600', 30, NULL, NULL, NULL, 5),
(522, '2013-06-01 22:04:40', '38.27421030', '21.76596510', 42, NULL, NULL, NULL, 5),
(523, '2013-06-01 22:14:41', '38.27438310', '21.76579340', 32, NULL, NULL, NULL, 5),
(524, '2013-06-01 22:16:41', '38.27438310', '21.76579340', 32, NULL, NULL, NULL, 5),
(525, '2013-06-01 22:29:47', '38.27429590', '21.76584640', 32, NULL, NULL, NULL, 5),
(526, '2013-06-02 00:56:11', '38.22823170', '21.74497690', 45, NULL, NULL, NULL, 5),
(527, '2013-06-02 01:11:11', '38.22822930', '21.74493230', 45, NULL, NULL, NULL, 5),
(528, '2013-06-02 01:14:11', '38.22764600', '21.74470060', 12, NULL, NULL, NULL, 5),
(529, '2013-06-02 01:17:11', '38.22822920', '21.74493500', 40, NULL, NULL, NULL, 5),
(530, '2013-06-02 02:30:43', '38.22831930', '21.74584500', 39, NULL, NULL, NULL, 5),
(531, '2013-06-02 02:31:43', '38.22831930', '21.74584500', 39, NULL, NULL, NULL, 5),
(532, '2013-06-02 02:53:43', '38.22829890', '21.74562370', 97, NULL, NULL, NULL, 5),
(533, '2013-06-02 03:04:50', '38.22833440', '21.74590320', 67, NULL, NULL, NULL, 5),
(534, '2013-06-02 03:21:59', '38.22824000', '21.74499980', 70, NULL, NULL, NULL, 5),
(535, '2013-06-02 03:30:42', '38.22842280', '21.74592050', 39, NULL, NULL, NULL, 5),
(536, '2013-06-02 03:38:42', '38.22838310', '21.74578160', 42, NULL, NULL, NULL, 5),
(537, '2013-06-02 03:58:49', '38.22842510', '21.74589410', 37, NULL, NULL, NULL, 5),
(538, '2013-06-02 03:59:49', '38.22842510', '21.74589410', 37, NULL, NULL, NULL, 5),
(539, '2013-06-02 04:01:49', '38.22842510', '21.74589410', 37, NULL, NULL, NULL, 5),
(540, '2013-06-02 04:16:00', '38.22842510', '21.74589410', 37, NULL, NULL, NULL, 5),
(541, '2013-06-02 04:24:00', '38.22842510', '21.74589410', 37, NULL, NULL, NULL, 5),
(542, '2013-06-02 04:26:00', '38.22842510', '21.74589410', 37, NULL, NULL, NULL, 5),
(543, '2013-06-02 04:29:00', '38.22842510', '21.74589410', 37, NULL, NULL, NULL, 5),
(544, '2013-06-03 03:07:13', '38.25306120', '21.74194820', 1553, NULL, NULL, NULL, 5),
(545, '2013-06-03 03:08:13', '38.25306120', '21.74194820', 1553, NULL, NULL, NULL, 5),
(546, '2013-06-03 03:11:13', '38.25862750', '21.74155820', 1514, NULL, NULL, NULL, 5),
(547, '2013-06-03 03:35:07', '38.21699720', '21.74796470', 2267, NULL, NULL, NULL, 5),
(548, '2013-06-03 03:49:14', '38.23223400', '21.74130470', 2085, NULL, NULL, NULL, 5),
(549, '2013-06-02 23:00:30', '38.22838460', '21.74575620', 43, NULL, NULL, NULL, 5),
(550, '2013-06-02 23:03:31', '38.22838460', '21.74575620', 43, NULL, NULL, NULL, 5),
(551, '2013-06-02 23:12:31', '38.22838460', '21.74575620', 43, NULL, NULL, NULL, 5),
(552, '2013-06-02 23:31:37', '38.22834550', '21.74583000', 43, NULL, NULL, NULL, 5),
(553, '2013-06-03 01:15:54', '38.21699720', '21.74796470', 2267, NULL, NULL, NULL, 5),
(554, '2013-06-03 01:21:54', '38.21673690', '21.74848180', 2936, NULL, NULL, NULL, 5),
(555, '2013-06-03 01:33:54', '38.22778790', '21.74165660', 40, NULL, NULL, NULL, 5),
(556, '2015-09-24 01:12:42', '38.24547780', '21.73474000', 23, NULL, NULL, NULL, 5),
(557, '2015-09-24 01:23:52', '38.24545120', '21.73583730', 51, NULL, NULL, NULL, 5),
(558, '2015-09-24 01:25:10', '38.24545120', '21.73583730', 1055, NULL, NULL, NULL, 5),
(559, '2015-09-24 01:44:24', '38.24519430', '21.73636180', 1756, NULL, NULL, NULL, 5),
(560, '2015-09-24 02:10:23', '38.23156000', '21.75553120', 24, NULL, NULL, NULL, 5),
(561, '2015-09-24 02:29:11', '38.23156010', '21.75553200', 24, NULL, NULL, NULL, 5),
(562, '2015-09-24 03:25:38', '38.23156040', '21.75553170', 23, NULL, NULL, NULL, 5),
(563, '2015-09-24 03:33:43', '38.23153520', '21.75556060', 52, NULL, NULL, NULL, 5),
(564, '2015-09-24 03:56:35', '38.23156040', '21.75553170', 23, NULL, NULL, NULL, 5),
(565, '2015-09-24 04:54:51', '38.23156000', '21.75553150', 24, NULL, NULL, NULL, 5),
(566, '2015-09-24 04:56:51', '38.23161480', '21.75550910', 37, NULL, NULL, NULL, 5),
(567, '2015-09-24 05:17:28', '38.23159330', '21.75555580', 57, NULL, NULL, NULL, 5),
(568, '2015-09-24 06:29:13', '38.23155890', '21.75553280', 24, NULL, NULL, NULL, 5),
(569, '2015-09-24 08:07:18', '38.23156000', '21.75553150', 24, NULL, NULL, NULL, 5),
(570, '2015-09-25 09:42:53', '38.23156000', '21.75553150', 24, NULL, NULL, NULL, 5),
(571, '2015-09-24 22:07:58', '38.23156000', '21.75553150', 24, NULL, NULL, NULL, 5),
(572, '2015-09-24 22:27:05', '38.23156000', '21.75553150', 24, NULL, NULL, NULL, 5),
(573, '2015-09-24 23:10:08', '38.23156000', '21.75553150', 24, NULL, NULL, NULL, 5),
(574, '2015-09-25 01:07:33', '38.23155980', '21.75553170', 25, NULL, NULL, NULL, 5),
(575, '2015-09-25 02:10:19', '38.23155980', '21.75553170', 25, NULL, NULL, NULL, 5),
(576, '2015-09-25 05:10:01', '38.23155890', '21.75553280', 24, NULL, NULL, NULL, 5),
(577, '2015-09-25 05:25:05', '38.23155890', '21.75553280', 24, NULL, NULL, NULL, 5),
(578, '2015-09-25 05:34:38', '38.23155890', '21.75553280', 24, NULL, NULL, NULL, 5),
(579, '2015-09-25 06:45:03', '38.23155960', '21.75553120', 25, NULL, NULL, NULL, 5),
(580, '2015-09-25 07:08:42', '38.23155960', '21.75553120', 25, NULL, NULL, NULL, 5);

-- --------------------------------------------------------

--
-- Table structure for table `location_activities`
--

DROP TABLE IF EXISTS `location_activities`;
CREATE TABLE IF NOT EXISTS `location_activities` (
  `loc_act_id` int(11) NOT NULL AUTO_INCREMENT,
  `l_acc_timestampMs` timestamp NOT NULL DEFAULT current_timestamp(),
  `loc_id` int(11) NOT NULL,
  PRIMARY KEY (`loc_act_id`),
  KEY `location_id` (`loc_id`)
) ENGINE=InnoDB AUTO_INCREMENT=350 DEFAULT CHARSET=utf8;

--
-- Dumping data for table `location_activities`
--

INSERT INTO `location_activities` (`loc_act_id`, `l_acc_timestampMs`, `loc_id`) VALUES
(53, '2013-06-01 06:49:30', 77),
(54, '2013-06-01 06:55:30', 79),
(55, '2013-06-01 06:58:12', 80),
(56, '2013-06-01 07:10:12', 82),
(57, '2013-06-01 08:03:33', 88),
(58, '2013-06-01 08:29:35', 90),
(59, '2013-06-01 08:38:35', 93),
(60, '2013-06-01 08:41:35', 95),
(61, '2013-06-01 08:50:36', 98),
(62, '2013-06-02 09:51:29', 101),
(63, '2013-06-01 22:03:30', 102),
(64, '2013-06-01 23:04:51', 105),
(65, '2013-06-01 23:51:53', 107),
(66, '2013-06-02 00:08:54', 108),
(67, '2013-06-02 00:11:54', 109),
(68, '2013-06-02 00:46:22', 112),
(69, '2013-06-02 01:30:24', 117),
(70, '2013-06-02 02:26:38', 119),
(71, '2013-06-02 02:38:39', 121),
(72, '2013-06-02 02:41:39', 122),
(73, '2013-06-02 02:58:40', 125),
(74, '2013-06-02 03:19:07', 129),
(75, '2013-06-02 03:44:11', 130),
(76, '2013-06-02 03:58:37', 131),
(77, '2013-06-02 04:10:38', 132),
(78, '2013-06-02 04:16:38', 133),
(79, '2013-06-02 04:43:41', 135),
(80, '2013-06-02 05:12:15', 138),
(81, '2013-06-02 05:23:25', 140),
(82, '2013-06-02 06:33:34', 143),
(83, '2013-06-02 06:40:35', 144),
(84, '2013-06-02 06:42:35', 145),
(85, '2013-06-02 06:47:35', 147),
(86, '2013-06-02 07:55:35', 150),
(87, '2013-06-02 08:13:26', 152),
(88, '2013-06-02 08:23:37', 153),
(89, '2013-06-02 09:15:42', 157),
(90, '2013-06-02 09:21:42', 158),
(91, '2013-06-02 09:25:42', 159),
(92, '2013-06-02 09:28:42', 160),
(93, '2013-06-02 09:38:06', 161),
(94, '2013-06-01 22:11:55', 163),
(95, '2013-06-01 22:16:44', 164),
(96, '2013-06-02 01:15:38', 168),
(97, '2013-06-02 01:18:38', 169),
(98, '2013-06-02 02:32:56', 171),
(99, '2013-06-02 02:53:57', 172),
(100, '2013-06-02 03:05:11', 173),
(101, '2013-06-02 04:17:22', 180),
(102, '2013-06-02 04:23:41', 181),
(103, '2013-06-02 04:30:28', 183),
(104, '2013-06-03 03:09:37', 185),
(105, '2013-06-02 23:00:52', 189),
(106, '2013-06-02 23:03:59', 190),
(107, '2013-06-02 23:12:59', 191),
(108, '2013-06-02 23:31:58', 192),
(109, '2015-09-24 01:13:19', 196),
(110, '2015-09-24 01:23:01', 197),
(111, '2015-09-24 01:45:19', 199),
(112, '2015-09-24 02:07:28', 200),
(113, '2015-09-24 02:08:11', 200),
(114, '2015-09-24 02:27:18', 201),
(115, '2015-09-24 02:29:11', 201),
(116, '2015-09-24 03:25:12', 202),
(117, '2015-09-24 03:34:09', 203),
(118, '2015-09-24 03:55:10', 204),
(119, '2015-09-24 03:58:11', 204),
(120, '2015-09-24 04:56:28', 206),
(121, '2015-09-24 06:27:13', 208),
(122, '2015-09-24 06:29:13', 208),
(123, '2015-09-24 08:05:43', 209),
(124, '2015-09-24 08:07:18', 209),
(125, '2015-09-25 09:41:00', 210),
(126, '2015-09-25 09:42:40', 210),
(127, '2015-09-24 22:05:58', 211),
(128, '2015-09-24 22:07:58', 211),
(129, '2015-09-24 22:25:33', 212),
(130, '2015-09-24 22:27:19', 212),
(131, '2015-09-24 23:08:24', 213),
(132, '2015-09-24 23:10:08', 213),
(133, '2015-09-25 01:05:53', 214),
(134, '2015-09-25 01:07:33', 214),
(135, '2015-09-25 02:08:55', 215),
(136, '2015-09-25 02:12:07', 215),
(137, '2015-09-25 05:09:16', 216),
(138, '2015-09-25 05:24:05', 217),
(139, '2015-09-25 05:27:26', 217),
(140, '2015-09-25 05:33:05', 218),
(141, '2015-09-25 05:34:38', 218),
(142, '2015-09-25 06:43:05', 219),
(143, '2015-09-25 06:44:51', 219),
(144, '2013-05-31 23:06:38', 223),
(145, '2013-05-31 23:35:28', 224),
(146, '2013-05-31 23:44:28', 225),
(147, '2013-06-01 00:15:50', 226),
(148, '2013-06-01 00:30:51', 228),
(149, '2013-06-01 00:53:53', 229),
(150, '2013-06-01 01:58:34', 233),
(151, '2013-06-01 02:08:44', 234),
(152, '2013-06-01 02:26:10', 236),
(153, '2013-06-01 03:29:28', 239),
(154, '2013-06-01 03:35:28', 240),
(155, '2013-06-01 05:29:14', 245),
(156, '2013-06-01 06:49:30', 257),
(157, '2013-06-01 06:55:30', 259),
(158, '2013-06-01 06:58:12', 260),
(159, '2013-06-01 07:10:12', 262),
(160, '2013-06-01 08:03:33', 268),
(161, '2013-06-01 08:29:35', 270),
(162, '2013-06-01 08:38:35', 273),
(163, '2013-06-01 08:41:35', 275),
(164, '2013-06-01 08:50:36', 278),
(165, '2013-06-02 09:51:29', 281),
(166, '2013-06-01 22:03:30', 282),
(167, '2013-06-01 23:04:51', 285),
(168, '2013-06-01 23:51:53', 287),
(169, '2013-06-02 00:08:54', 288),
(170, '2013-06-02 00:11:54', 289),
(171, '2013-06-02 00:46:22', 292),
(172, '2013-06-02 01:30:24', 297),
(173, '2013-06-02 02:26:38', 299),
(174, '2013-06-02 02:38:39', 301),
(175, '2013-06-02 02:41:39', 302),
(176, '2013-06-02 02:58:40', 305),
(177, '2013-06-02 03:19:07', 309),
(178, '2013-06-02 03:44:11', 310),
(179, '2013-06-02 03:58:37', 311),
(180, '2013-06-02 04:10:38', 312),
(181, '2013-06-02 04:16:38', 313),
(182, '2013-06-02 04:43:41', 315),
(183, '2013-06-02 05:12:15', 318),
(184, '2013-06-02 05:23:25', 320),
(185, '2013-06-02 06:33:34', 323),
(186, '2013-06-02 06:40:35', 324),
(187, '2013-06-02 06:42:35', 325),
(188, '2013-06-02 06:47:35', 327),
(189, '2013-06-02 07:55:35', 330),
(190, '2013-06-02 08:13:26', 332),
(191, '2013-06-02 08:23:37', 333),
(192, '2013-06-02 09:15:42', 337),
(193, '2013-06-02 09:21:42', 338),
(194, '2013-06-02 09:25:42', 339),
(195, '2013-06-02 09:28:42', 340),
(196, '2013-06-02 09:38:06', 341),
(197, '2013-06-01 22:11:55', 343),
(198, '2013-06-01 22:16:44', 344),
(199, '2013-06-02 01:15:38', 348),
(200, '2013-06-02 01:18:38', 349),
(201, '2013-06-02 02:32:56', 351),
(202, '2013-06-02 02:53:57', 352),
(203, '2013-06-02 03:05:11', 353),
(204, '2013-06-02 04:17:22', 360),
(205, '2013-06-02 04:23:41', 361),
(206, '2013-06-02 04:30:28', 363),
(207, '2013-06-03 03:09:37', 365),
(208, '2013-06-02 23:00:52', 369),
(209, '2013-06-02 23:03:59', 370),
(210, '2013-06-02 23:12:59', 371),
(211, '2013-06-02 23:31:58', 372),
(212, '2015-09-24 01:13:19', 376),
(213, '2015-09-24 01:23:01', 377),
(214, '2015-09-24 01:45:19', 379),
(215, '2015-09-24 02:07:28', 380),
(216, '2015-09-24 02:08:11', 380),
(217, '2015-09-24 02:27:18', 381),
(218, '2015-09-24 02:29:11', 381),
(219, '2015-09-24 03:25:12', 382),
(220, '2015-09-24 03:34:09', 383),
(221, '2015-09-24 03:55:10', 384),
(222, '2015-09-24 03:58:11', 384),
(223, '2015-09-24 04:56:28', 386),
(224, '2015-09-24 06:27:13', 388),
(225, '2015-09-24 06:29:13', 388),
(226, '2015-09-24 08:05:43', 389),
(227, '2015-09-24 08:07:18', 389),
(228, '2015-09-25 09:41:00', 390),
(229, '2015-09-25 09:42:40', 390),
(230, '2015-09-24 22:05:58', 391),
(231, '2015-09-24 22:07:58', 391),
(232, '2015-09-24 22:25:33', 392),
(233, '2015-09-24 22:27:19', 392),
(234, '2015-09-24 23:08:24', 393),
(235, '2015-09-24 23:10:08', 393),
(236, '2015-09-25 01:05:53', 394),
(237, '2015-09-25 01:07:33', 394),
(238, '2015-09-25 02:08:55', 395),
(239, '2015-09-25 02:12:07', 395),
(240, '2015-09-25 05:09:16', 396),
(241, '2015-09-25 05:24:05', 397),
(242, '2015-09-25 05:27:26', 397),
(243, '2015-09-25 05:33:05', 398),
(244, '2015-09-25 05:34:38', 398),
(245, '2015-09-25 06:43:05', 399),
(246, '2015-09-25 06:44:51', 399),
(247, '2013-05-31 23:06:38', 403),
(248, '2013-05-31 23:35:28', 404),
(249, '2013-05-31 23:44:28', 405),
(250, '2013-06-01 00:15:50', 406),
(251, '2013-06-01 00:30:51', 408),
(252, '2013-06-01 00:53:53', 409),
(253, '2013-06-01 01:58:34', 413),
(254, '2013-06-01 02:08:44', 414),
(255, '2013-06-01 02:26:10', 416),
(256, '2013-06-01 03:29:28', 419),
(257, '2013-06-01 03:35:28', 420),
(258, '2013-06-01 05:29:14', 425),
(259, '2013-06-01 06:49:30', 437),
(260, '2013-06-01 06:55:30', 439),
(261, '2013-06-01 06:58:12', 440),
(262, '2013-06-01 07:10:12', 442),
(263, '2013-06-01 08:03:33', 448),
(264, '2013-06-01 08:29:35', 450),
(265, '2013-06-01 08:38:35', 453),
(266, '2013-06-01 08:41:35', 455),
(267, '2013-06-01 08:50:36', 458),
(268, '2013-06-02 09:51:29', 461),
(269, '2013-06-01 22:03:30', 462),
(270, '2013-06-01 23:04:51', 465),
(271, '2013-06-01 23:51:53', 467),
(272, '2013-06-02 00:08:54', 468),
(273, '2013-06-02 00:11:54', 469),
(274, '2013-06-02 00:46:22', 472),
(275, '2013-06-02 01:30:24', 477),
(276, '2013-06-02 02:26:38', 479),
(277, '2013-06-02 02:38:39', 481),
(278, '2013-06-02 02:41:39', 482),
(279, '2013-06-02 02:58:40', 485),
(280, '2013-06-02 03:19:07', 489),
(281, '2013-06-02 03:44:11', 490),
(282, '2013-06-02 03:58:37', 491),
(283, '2013-06-02 04:10:38', 492),
(284, '2013-06-02 04:16:38', 493),
(285, '2013-06-02 04:43:41', 495),
(286, '2013-06-02 05:12:15', 498),
(287, '2013-06-02 05:23:25', 500),
(288, '2013-06-02 06:33:34', 503),
(289, '2013-06-02 06:40:35', 504),
(290, '2013-06-02 06:42:35', 505),
(291, '2013-06-02 06:47:35', 507),
(292, '2013-06-02 07:55:35', 510),
(293, '2013-06-02 08:13:26', 512),
(294, '2013-06-02 08:23:37', 513),
(295, '2013-06-02 09:15:42', 517),
(296, '2013-06-02 09:21:42', 518),
(297, '2013-06-02 09:25:42', 519),
(298, '2013-06-02 09:28:42', 520),
(299, '2013-06-02 09:38:06', 521),
(300, '2013-06-01 22:11:55', 523),
(301, '2013-06-01 22:16:44', 524),
(302, '2013-06-02 01:15:38', 528),
(303, '2013-06-02 01:18:38', 529),
(304, '2013-06-02 02:32:56', 531),
(305, '2013-06-02 02:53:57', 532),
(306, '2013-06-02 03:05:11', 533),
(307, '2013-06-02 04:17:22', 540),
(308, '2013-06-02 04:23:41', 541),
(309, '2013-06-02 04:30:28', 543),
(310, '2013-06-03 03:09:37', 545),
(311, '2013-06-02 23:00:52', 549),
(312, '2013-06-02 23:03:59', 550),
(313, '2013-06-02 23:12:59', 551),
(314, '2013-06-02 23:31:58', 552),
(315, '2015-09-24 01:13:19', 556),
(316, '2015-09-24 01:23:01', 557),
(317, '2015-09-24 01:45:19', 559),
(318, '2015-09-24 02:07:28', 560),
(319, '2015-09-24 02:08:11', 560),
(320, '2015-09-24 02:27:18', 561),
(321, '2015-09-24 02:29:11', 561),
(322, '2015-09-24 03:25:12', 562),
(323, '2015-09-24 03:34:09', 563),
(324, '2015-09-24 03:55:10', 564),
(325, '2015-09-24 03:58:11', 564),
(326, '2015-09-24 04:56:28', 566),
(327, '2015-09-24 06:27:13', 568),
(328, '2015-09-24 06:29:13', 568),
(329, '2015-09-24 08:05:43', 569),
(330, '2015-09-24 08:07:18', 569),
(331, '2015-09-25 09:41:00', 570),
(332, '2015-09-25 09:42:40', 570),
(333, '2015-09-24 22:05:58', 571),
(334, '2015-09-24 22:07:58', 571),
(335, '2015-09-24 22:25:33', 572),
(336, '2015-09-24 22:27:19', 572),
(337, '2015-09-24 23:08:24', 573),
(338, '2015-09-24 23:10:08', 573),
(339, '2015-09-25 01:05:53', 574),
(340, '2015-09-25 01:07:33', 574),
(341, '2015-09-25 02:08:55', 575),
(342, '2015-09-25 02:12:07', 575),
(343, '2015-09-25 05:09:16', 576),
(344, '2015-09-25 05:24:05', 577),
(345, '2015-09-25 05:27:26', 577),
(346, '2015-09-25 05:33:05', 578),
(347, '2015-09-25 05:34:38', 578),
(348, '2015-09-25 06:43:05', 579),
(349, '2015-09-25 06:44:51', 579);

-- --------------------------------------------------------

--
-- Table structure for table `users`
--

DROP TABLE IF EXISTS `users`;
CREATE TABLE IF NOT EXISTS `users` (
  `u_id` int(11) NOT NULL AUTO_INCREMENT,
  `username` varchar(255) CHARACTER SET latin1 COLLATE latin1_general_ci NOT NULL,
  `password` varchar(255) CHARACTER SET latin1 COLLATE latin1_general_ci NOT NULL,
  `email` varchar(255) CHARACTER SET latin1 COLLATE latin1_general_ci NOT NULL,
  `userid` varchar(255) CHARACTER SET latin1 COLLATE latin1_general_ci NOT NULL,
  PRIMARY KEY (`u_id`) USING BTREE
) ENGINE=InnoDB AUTO_INCREMENT=6 DEFAULT CHARSET=utf8;

--
-- Dumping data for table `users`
--

INSERT INTO `users` (`u_id`, `username`, `password`, `email`, `userid`) VALUES
(5, 'karmalis', 'ebdaa6d426e6aa925561e2faba84d1bf', 'nintendo64@hotmail.com', '3PBlMPCzW5jZVibnLHmhhCmX0uSXiTg424NFliHZ4Io=');

--
-- Constraints for dumped tables
--

--
-- Constraints for table `activity_type`
--
ALTER TABLE `activity_type`
  ADD CONSTRAINT `activities_id` FOREIGN KEY (`activities_id`) REFERENCES `location_activities` (`loc_act_id`) ON DELETE CASCADE ON UPDATE CASCADE;

--
-- Constraints for table `locations`
--
ALTER TABLE `locations`
  ADD CONSTRAINT `user_id` FOREIGN KEY (`userid`) REFERENCES `users` (`u_id`) ON DELETE CASCADE ON UPDATE CASCADE;

--
-- Constraints for table `location_activities`
--
ALTER TABLE `location_activities`
  ADD CONSTRAINT `location_id` FOREIGN KEY (`loc_id`) REFERENCES `locations` (`location_id`) ON DELETE CASCADE ON UPDATE CASCADE;
COMMIT;

/*!40101 SET CHARACTER_SET_CLIENT=@OLD_CHARACTER_SET_CLIENT */;
/*!40101 SET CHARACTER_SET_RESULTS=@OLD_CHARACTER_SET_RESULTS */;
/*!40101 SET COLLATION_CONNECTION=@OLD_COLLATION_CONNECTION */;
